a0_to_a1,a0_to_a2,a0_to_a3,a1_to_a0,a1_to_a2,a1_to_a3,a2_to_a0,a2_to_a1,a2_to_a3,a3_to_a0,a3_to_a1,a3_to_a2,episode,step
_,_,_,_,_,_,_,_,_,_,_,_,1,0
_,_,_,_,_,_,_,_,_,_,_,_,1,1
_,_,_,_,_,_,_,_,_,_,_,_,1,2
_,_,_,_,_,_,_,_,_,_,_,_,1,3
_,_,_,_,_,_,_,_,_,_,_,_,1,4
_,_,_,_,_,_,_,_,_,_,_,_,1,5
_,_,_,_,_,_,_,_,_,_,_,_,1,6
_,_,_,_,_,_,_,_,_,_,_,_,1,7
_,_,_,_,_,_,_,_,_,_,_,_,1,8
_,_,_,_,_,_,_,_,_,_,_,_,1,9
_,_,_,_,_,_,_,_,_,_,_,_,1,10
_,_,_,_,_,_,_,_,_,_,_,_,1,11
_,_,_,_,_,_,_,_,_,_,_,_,1,12
_,_,_,_,_,_,_,_,_,_,_,_,1,13
_,_,_,_,_,_,_,_,_,_,_,_,1,14
_,_,_,_,_,_,_,_,_,_,_,_,1,15
_,_,_,_,_,_,_,_,_,_,_,_,1,16
_,_,_,_,_,_,_,_,_,_,_,_,1,17
_,_,_,_,_,_,_,_,_,_,_,_,1,18
_,_,_,_,_,_,_,_,_,_,_,_,1,19
_,_,_,_,_,_,_,_,_,_,_,_,1,20
_,_,_,_,_,_,_,_,_,_,_,_,1,21
_,_,_,_,_,_,_,_,_,_,_,_,1,22
_,_,_,_,_,_,_,_,_,_,_,_,1,23
_,_,_,_,_,_,_,_,_,_,_,_,1,24
_,_,_,_,_,_,_,_,_,_,_,_,1,25
_,_,_,_,_,_,_,_,_,_,_,_,1,26
_,_,_,_,_,_,_,_,_,_,_,_,1,27
_,_,_,_,_,_,_,_,_,_,_,_,1,28
_,_,_,_,_,_,_,_,_,_,_,_,1,29
_,_,_,_,_,_,_,_,_,_,_,_,1,30
_,_,_,_,_,_,_,_,_,_,_,_,1,31
_,_,_,_,_,_,_,_,_,_,_,_,1,32
_,_,_,_,_,_,_,_,_,_,_,_,1,33
_,_,_,_,_,_,_,_,_,_,_,_,1,34
_,_,_,_,_,_,_,_,_,_,_,_,1,35
_,_,_,_,_,_,_,_,_,_,_,_,1,36
_,_,_,_,_,_,_,_,_,_,_,_,1,37
_,_,_,_,_,_,_,_,_,_,_,_,1,38
_,_,_,_,_,_,_,_,_,_,_,_,1,39
_,_,_,_,_,_,_,_,_,_,_,_,1,40
_,_,_,_,_,_,_,_,_,_,_,_,1,41
_,_,_,_,_,_,_,_,_,_,_,_,1,42
_,_,_,_,_,_,_,_,_,_,_,_,1,43
_,_,_,_,_,_,_,_,_,_,_,_,1,44
_,_,_,_,_,_,_,_,_,_,_,_,1,45
_,_,_,_,_,_,_,_,_,_,_,_,1,46
_,_,_,_,_,_,_,_,_,_,_,_,1,47
_,_,_,_,_,_,_,_,_,_,_,_,1,48
_,_,_,_,_,_,_,_,_,_,_,_,1,49
_,_,_,_,_,_,_,_,_,_,_,_,1,50
_,_,_,_,_,_,_,_,_,_,_,_,1,51
_,_,_,_,_,_,_,_,_,_,_,_,1,52
_,_,_,_,_,_,_,_,_,_,_,_,1,53
_,_,_,_,_,_,_,_,_,_,_,_,1,54
_,_,_,_,_,_,_,_,_,_,_,_,1,55
_,_,_,_,_,_,_,_,_,_,_,_,1,56
_,_,_,_,_,_,_,_,_,_,_,_,1,57
_,_,_,_,_,_,_,_,_,_,_,_,1,58
_,_,_,_,_,_,_,_,_,_,_,_,1,59
_,_,_,_,_,_,_,_,_,_,_,_,1,60
_,_,_,_,_,_,_,_,_,_,_,_,1,61
_,_,_,_,_,_,_,_,_,_,_,_,1,62
_,_,_,_,_,_,_,_,_,_,_,_,1,63
_,_,_,_,_,_,_,_,_,_,_,_,1,64
_,_,_,_,_,_,_,_,_,_,_,_,1,65
_,_,_,_,_,_,_,_,_,_,_,_,1,66
_,_,_,_,_,_,_,_,_,_,_,_,1,67
_,_,_,_,_,_,_,_,_,_,_,_,1,68
_,_,_,_,_,_,_,_,_,_,_,_,1,69
_,_,_,_,_,_,_,_,_,_,_,_,1,70
_,_,_,_,_,_,_,_,_,_,_,_,1,71
_,_,_,_,_,_,_,_,_,_,_,_,1,72
_,_,_,_,_,_,_,_,_,_,_,_,1,73
_,_,_,_,_,_,_,_,_,_,_,_,1,74
_,_,_,_,_,_,_,_,_,_,_,_,1,75
_,_,_,_,_,_,_,_,_,_,_,_,1,76
_,_,_,_,_,_,_,_,_,_,_,_,1,77
_,_,_,_,_,_,_,_,_,_,_,_,1,78
_,_,_,_,_,_,_,_,_,_,_,_,1,79
_,_,_,_,_,_,_,_,_,_,_,_,1,80
_,_,_,_,_,_,_,_,_,_,_,_,1,81
_,_,_,_,_,_,_,_,_,_,_,_,1,82
_,_,_,_,_,_,_,_,_,_,_,_,1,83
_,_,_,_,_,_,_,_,_,_,_,_,1,84
_,_,_,_,_,_,_,_,_,_,_,_,1,85
_,_,_,_,_,_,_,_,_,_,_,_,1,86
_,_,_,_,_,_,_,_,_,_,_,_,1,87
_,_,_,_,_,_,_,_,_,_,_,_,1,88
_,_,_,_,_,_,_,_,_,_,_,_,1,89
_,_,_,_,_,_,_,_,_,_,_,_,1,90
_,_,_,_,_,_,_,_,_,_,_,_,1,91
_,_,_,_,_,_,_,_,_,_,_,_,1,92
_,_,_,_,_,_,_,_,_,_,_,_,1,93
_,_,_,_,_,_,_,_,_,_,_,_,1,94
_,_,_,_,_,_,_,_,_,_,_,_,1,95
_,_,_,_,_,_,_,_,_,_,_,_,1,96
_,_,_,_,_,_,_,_,_,_,_,_,1,97
_,_,_,_,_,_,_,_,_,_,_,_,1,98
_,_,_,_,_,_,_,_,_,_,_,_,1,99
_,_,_,_,_,_,_,_,_,_,_,_,1,100
_,_,_,_,_,_,_,_,_,_,_,_,1,101
_,_,_,_,_,_,_,_,_,_,_,_,1,102
_,_,_,_,_,_,_,_,_,_,_,_,1,103
_,_,_,_,_,_,_,_,_,_,_,_,1,104
_,_,_,_,_,_,_,_,_,_,_,_,1,105
_,_,_,_,_,_,_,_,_,_,_,_,1,106
_,_,_,_,_,_,_,_,_,_,_,_,1,107
_,_,_,_,_,_,_,_,_,_,_,_,1,108
_,_,_,_,_,_,_,_,_,_,_,_,1,109
_,_,_,_,_,_,_,_,_,_,_,_,1,110
_,_,_,_,_,_,_,_,_,_,_,_,1,111
_,_,_,_,_,_,_,_,_,_,_,_,1,112
_,_,_,_,_,_,_,_,_,_,_,_,1,113
_,_,_,_,_,_,_,_,_,_,_,_,1,114
_,_,_,_,_,_,_,_,_,_,_,_,1,115
_,_,_,_,_,_,_,_,_,_,_,_,1,116
_,_,_,_,_,_,_,_,_,_,_,_,1,117
_,_,_,_,_,_,_,_,_,_,_,_,1,118
_,_,_,_,_,_,_,_,_,_,_,_,1,119
_,_,_,_,_,_,_,_,_,_,_,_,1,120
_,_,_,_,_,_,_,_,_,_,_,_,1,121
_,_,_,_,_,_,_,_,_,_,_,_,1,122
_,_,_,_,_,_,_,_,_,_,_,_,1,123
_,_,_,_,_,_,_,_,_,_,_,_,1,124
_,_,_,_,_,_,_,_,_,_,_,_,1,125
_,_,_,_,_,_,_,_,_,_,_,_,1,126
_,_,_,_,_,_,_,_,_,_,_,_,1,127
_,_,_,_,_,_,_,_,_,_,_,_,1,128
_,_,_,_,_,_,_,_,_,_,_,_,1,129
_,_,_,_,_,_,_,_,_,_,_,_,1,130
_,_,_,_,_,_,_,_,_,_,_,_,1,131
_,_,_,_,_,_,_,_,_,_,_,_,1,132
_,_,_,_,_,_,_,_,_,_,_,_,1,133
_,_,_,_,_,_,_,_,_,_,_,_,1,134
_,_,_,_,_,_,_,_,_,_,_,_,1,135
_,_,_,_,_,_,_,_,_,_,_,_,1,136
_,_,_,_,_,_,_,_,_,_,_,_,1,137
_,_,_,_,_,_,_,_,_,_,_,_,1,138
_,_,_,_,_,_,_,_,_,_,_,_,1,139
_,_,_,_,_,_,_,_,_,_,_,_,1,140
_,_,_,_,_,_,_,_,_,_,_,_,1,141
_,_,_,_,_,_,_,_,_,_,_,_,1,142
_,_,_,_,_,_,_,_,_,_,_,_,1,143
_,_,_,_,_,_,_,_,_,_,_,_,1,144
_,_,_,_,_,_,_,_,_,_,_,_,1,145
_,_,_,_,_,_,_,_,_,_,_,_,1,146
_,_,_,_,_,_,_,_,_,_,_,_,1,147
_,_,_,_,_,_,_,_,_,_,_,_,1,148
_,_,_,_,_,_,_,_,_,_,_,_,1,149
_,_,_,_,_,_,_,_,_,_,_,_,1,150
_,_,_,_,_,_,_,_,_,_,_,_,1,151
_,_,_,_,_,_,_,_,_,_,_,_,1,152
_,_,_,_,_,_,_,_,_,_,_,_,1,153
_,_,_,_,_,_,_,_,_,_,_,_,1,154
_,_,_,_,_,_,_,_,_,_,_,_,1,155
_,_,_,_,_,_,_,_,_,_,_,_,1,156
_,_,_,_,_,_,_,_,_,_,_,_,1,157
_,_,_,_,_,_,_,_,_,_,_,_,1,158
_,_,_,_,_,_,_,_,_,_,_,_,1,159
_,_,_,_,_,_,_,_,_,_,_,_,1,160
_,_,_,_,_,_,_,_,_,_,_,_,1,161
_,_,_,_,_,_,_,_,_,_,_,_,1,162
_,_,_,_,_,_,_,_,_,_,_,_,1,163
_,_,_,_,_,_,_,_,_,_,_,_,1,164
_,_,_,_,_,_,_,_,_,_,_,_,1,165
_,_,_,_,_,_,_,_,_,_,_,_,1,166
_,_,_,_,_,_,_,_,_,_,_,_,1,167
_,_,_,_,_,_,_,_,_,_,_,_,1,168
_,_,_,_,_,_,_,_,_,_,_,_,1,169
_,_,_,_,_,_,_,_,_,_,_,_,1,170
_,_,_,_,_,_,_,_,_,_,_,_,1,171
_,_,_,_,_,_,_,_,_,_,_,_,1,172
_,_,_,_,_,_,_,_,_,_,_,_,1,173
_,_,_,_,_,_,_,_,_,_,_,_,1,174
_,_,_,_,_,_,_,_,_,_,_,_,1,175
_,_,_,_,_,_,_,_,_,_,_,_,1,176
_,_,_,_,_,_,_,_,_,_,_,_,1,177
_,_,_,_,_,_,_,_,_,_,_,_,1,178
_,_,_,_,_,_,_,_,_,_,_,_,1,179
_,_,_,_,_,_,_,_,_,_,_,_,1,180
_,_,_,_,_,_,_,_,_,_,_,_,1,181
_,_,_,_,_,_,_,_,_,_,_,_,1,182
_,_,_,_,_,_,_,_,_,_,_,_,1,183
_,_,_,_,_,_,_,_,_,_,_,_,1,184
_,_,_,_,_,_,_,_,_,_,_,_,1,185
_,_,_,_,_,_,_,_,_,_,_,_,1,186
_,_,_,_,_,_,_,_,_,_,_,_,1,187
_,_,_,_,_,_,_,_,_,_,_,_,1,188
_,_,_,_,_,_,_,_,_,_,_,_,1,189
_,_,_,_,_,_,_,_,_,_,_,_,1,190
_,_,_,_,_,_,_,_,_,_,_,_,1,191
_,_,_,_,_,_,_,_,_,_,_,_,1,192
_,_,_,_,_,_,_,_,_,_,_,_,1,193
_,_,_,_,_,_,_,_,_,_,_,_,1,194
_,_,_,_,_,_,_,_,_,_,_,_,1,195
_,_,_,_,_,_,_,_,_,_,_,_,1,196
_,_,_,_,_,_,_,_,_,_,_,_,1,197
_,_,_,_,_,_,_,_,_,_,_,_,1,198
_,_,_,_,_,_,_,_,_,_,_,_,2,0
_,_,_,_,_,_,_,_,_,_,_,_,2,1
_,_,_,_,_,_,_,_,_,_,_,_,2,2
_,_,_,_,_,_,_,_,_,_,_,_,2,3
_,_,_,_,_,_,_,_,_,_,_,_,2,4
_,_,_,_,_,_,_,_,_,_,_,_,2,5
_,_,_,_,_,_,_,_,_,_,_,_,2,6
_,_,_,_,_,_,_,_,_,_,_,_,2,7
_,_,_,_,_,_,_,_,_,_,_,_,2,8
_,_,_,_,_,_,_,_,_,_,_,_,2,9
_,_,_,_,_,_,_,_,_,_,_,_,2,10
_,_,_,_,_,_,_,_,_,_,_,_,2,11
_,_,_,_,_,_,_,_,_,_,_,_,2,12
_,_,_,_,_,_,_,_,_,_,_,_,2,13
_,_,_,_,_,_,_,_,_,_,_,_,2,14
_,_,_,_,_,_,_,_,_,_,_,_,2,15
_,_,_,_,_,_,_,_,_,_,_,_,2,16
_,_,_,_,_,_,_,_,_,_,_,_,2,17
_,_,_,_,_,_,_,_,_,_,_,_,2,18
_,_,_,_,_,_,_,_,_,_,_,_,2,19
_,_,_,_,_,_,_,_,_,_,_,_,2,20
_,_,_,_,_,_,_,_,_,_,_,_,2,21
_,_,_,_,_,_,_,_,_,_,_,_,2,22
_,_,_,_,_,_,_,_,_,_,_,_,2,23
_,_,_,_,_,_,_,_,_,_,_,_,2,24
_,_,_,_,_,_,_,_,_,_,_,_,2,25
_,_,_,_,_,_,_,_,_,_,_,_,2,26
_,_,_,_,_,_,_,_,_,_,_,_,2,27
_,_,_,_,_,_,_,_,_,_,_,_,2,28
_,_,_,_,_,_,_,_,_,_,_,_,2,29
_,_,_,_,_,_,_,_,_,_,_,_,2,30
_,_,_,_,_,_,_,_,_,_,_,_,2,31
_,_,_,_,_,_,_,_,_,_,_,_,2,32
_,_,_,_,_,_,_,_,_,_,_,_,2,33
_,_,_,_,_,_,_,_,_,_,_,_,2,34
_,_,_,_,_,_,_,_,_,_,_,_,2,35
_,_,_,_,_,_,_,_,_,_,_,_,2,36
_,_,_,_,_,_,_,_,_,_,_,_,2,37
_,_,_,_,_,_,_,_,_,_,_,_,2,38
_,_,_,_,_,_,_,_,_,_,_,_,2,39
_,_,_,_,_,_,_,_,_,_,_,_,2,40
_,_,_,_,_,_,_,_,_,_,_,_,2,41
_,_,_,_,_,_,_,_,_,_,_,_,2,42
_,_,_,_,_,_,_,_,_,_,_,_,2,43
_,_,_,_,_,_,_,_,_,_,_,_,2,44
_,_,_,_,_,_,_,_,_,_,_,_,2,45
_,_,_,_,_,_,_,_,_,_,_,_,2,46
_,_,_,_,_,_,_,_,_,_,_,_,2,47
_,_,_,_,_,_,_,_,_,_,_,_,2,48
_,_,_,_,_,_,_,_,_,_,_,_,2,49
_,_,_,_,_,_,_,_,_,_,_,_,2,50
_,_,_,_,_,_,_,_,_,_,_,_,2,51
_,_,_,_,_,_,_,_,_,_,_,_,2,52
_,_,_,_,_,_,_,_,_,_,_,_,2,53
_,_,_,_,_,_,_,_,_,_,_,_,2,54
_,_,_,_,_,_,_,_,_,_,_,_,2,55
_,_,_,_,_,_,_,_,_,_,_,_,2,56
_,_,_,_,_,_,_,_,_,_,_,_,2,57
_,_,_,_,_,_,_,_,_,_,_,_,2,58
_,_,_,_,_,_,_,_,_,_,_,_,2,59
_,_,_,_,_,_,_,_,_,_,_,_,2,60
_,_,_,_,_,_,_,_,_,_,_,_,2,61
_,_,_,_,_,_,_,_,_,_,_,_,2,62
_,_,_,_,_,_,_,_,_,_,_,_,2,63
_,_,_,_,_,_,_,_,_,_,_,_,2,64
_,_,_,_,_,_,_,_,_,_,_,_,2,65
_,_,_,_,_,_,_,_,_,_,_,_,2,66
_,_,_,_,_,_,_,_,_,_,_,_,2,67
_,_,_,_,_,_,_,_,_,_,_,_,2,68
_,_,_,_,_,_,_,_,_,_,_,_,2,69
_,_,_,_,_,_,_,_,_,_,_,_,2,70
_,_,_,_,_,_,_,_,_,_,_,_,2,71
_,_,_,_,_,_,_,_,_,_,_,_,2,72
_,_,_,_,_,_,_,_,_,_,_,_,2,73
_,_,_,_,_,_,_,_,_,_,_,_,2,74
_,_,_,_,_,_,_,_,_,_,_,_,2,75
_,_,_,_,_,_,_,_,_,_,_,_,2,76
_,_,_,_,_,_,_,_,_,_,_,_,2,77
_,_,_,_,_,_,_,_,_,_,_,_,2,78
_,_,_,_,_,_,_,_,_,_,_,_,2,79
_,_,_,_,_,_,_,_,_,_,_,_,2,80
_,_,_,_,_,_,_,_,_,_,_,_,2,81
_,_,_,_,_,_,_,_,_,_,_,_,2,82
_,_,_,_,_,_,_,_,_,_,_,_,2,83
_,_,_,_,_,_,_,_,_,_,_,_,2,84
_,_,_,_,_,_,_,_,_,_,_,_,2,85
_,_,_,_,_,_,_,_,_,_,_,_,2,86
_,_,_,_,_,_,_,_,_,_,_,_,2,87
_,_,_,_,_,_,_,_,_,_,_,_,2,88
_,_,_,_,_,_,_,_,_,_,_,_,2,89
_,_,_,_,_,_,_,_,_,_,_,_,2,90
_,_,_,_,_,_,_,_,_,_,_,_,2,91
_,_,_,_,_,_,_,_,_,_,_,_,2,92
_,_,_,_,_,_,_,_,_,_,_,_,2,93
_,_,_,_,_,_,_,_,_,_,_,_,2,94
_,_,_,_,_,_,_,_,_,_,_,_,2,95
_,_,_,_,_,_,_,_,_,_,_,_,2,96
_,_,_,_,_,_,_,_,_,_,_,_,2,97
_,_,_,_,_,_,_,_,_,_,_,_,2,98
_,_,_,_,_,_,_,_,_,_,_,_,2,99
_,_,_,_,_,_,_,_,_,_,_,_,2,100
_,_,_,_,_,_,_,_,_,_,_,_,2,101
_,_,_,_,_,_,_,_,_,_,_,_,2,102
_,_,_,_,_,_,_,_,_,_,_,_,2,103
_,_,_,_,_,_,_,_,_,_,_,_,2,104
_,_,_,_,_,_,_,_,_,_,_,_,2,105
_,_,_,_,_,_,_,_,_,_,_,_,2,106
_,_,_,_,_,_,_,_,_,_,_,_,2,107
_,_,_,_,_,_,_,_,_,_,_,_,2,108
_,_,_,_,_,_,_,_,_,_,_,_,2,109
_,_,_,_,_,_,_,_,_,_,_,_,2,110
_,_,_,_,_,_,_,_,_,_,_,_,2,111
_,_,_,_,_,_,_,_,_,_,_,_,2,112
_,_,_,_,_,_,_,_,_,_,_,_,2,113
_,_,_,_,_,_,_,_,_,_,_,_,2,114
_,_,_,_,_,_,_,_,_,_,_,_,2,115
_,_,_,_,_,_,_,_,_,_,_,_,2,116
_,_,_,_,_,_,_,_,_,_,_,_,2,117
_,_,_,_,_,_,_,_,_,_,_,_,2,118
_,_,_,_,_,_,_,_,_,_,_,_,2,119
_,_,_,_,_,_,_,_,_,_,_,_,2,120
_,_,_,_,_,_,_,_,_,_,_,_,2,121
_,_,_,_,_,_,_,_,_,_,_,_,2,122
_,_,_,_,_,_,_,_,_,_,_,_,2,123
_,_,_,_,_,_,_,_,_,_,_,_,2,124
_,_,_,_,_,_,_,_,_,_,_,_,2,125
_,_,_,_,_,_,_,_,_,_,_,_,2,126
_,_,_,_,_,_,_,_,_,_,_,_,2,127
_,_,_,_,_,_,_,_,_,_,_,_,2,128
_,_,_,_,_,_,_,_,_,_,_,_,2,129
_,_,_,_,_,_,_,_,_,_,_,_,2,130
_,_,_,_,_,_,_,_,_,_,_,_,2,131
_,_,_,_,_,_,_,_,_,_,_,_,2,132
_,_,_,_,_,_,_,_,_,_,_,_,2,133
_,_,_,_,_,_,_,_,_,_,_,_,2,134
_,_,_,_,_,_,_,_,_,_,_,_,2,135
_,_,_,_,_,_,_,_,_,_,_,_,2,136
_,_,_,_,_,_,_,_,_,_,_,_,2,137
_,_,_,_,_,_,_,_,_,_,_,_,2,138
_,_,_,_,_,_,_,_,_,_,_,_,2,139
_,_,_,_,_,_,_,_,_,_,_,_,2,140
_,_,_,_,_,_,_,_,_,_,_,_,2,141
_,_,_,_,_,_,_,_,_,_,_,_,2,142
_,_,_,_,_,_,_,_,_,_,_,_,2,143
_,_,_,_,_,_,_,_,_,_,_,_,2,144
_,_,_,_,_,_,_,_,_,_,_,_,2,145
_,_,_,_,_,_,_,_,_,_,_,_,2,146
_,_,_,_,_,_,_,_,_,_,_,_,2,147
_,_,_,_,_,_,_,_,_,_,_,_,2,148
_,_,_,_,_,_,_,_,_,_,_,_,2,149
_,_,_,_,_,_,_,_,_,_,_,_,2,150
_,_,_,_,_,_,_,_,_,_,_,_,2,151
_,_,_,_,_,_,_,_,_,_,_,_,2,152
_,_,_,_,_,_,_,_,_,_,_,_,2,153
_,_,_,_,_,_,_,_,_,_,_,_,2,154
_,_,_,_,_,_,_,_,_,_,_,_,2,155
_,_,_,_,_,_,_,_,_,_,_,_,2,156
_,_,_,_,_,_,_,_,_,_,_,_,2,157
_,_,_,_,_,_,_,_,_,_,_,_,2,158
_,_,_,_,_,_,_,_,_,_,_,_,2,159
_,_,_,_,_,_,_,_,_,_,_,_,2,160
_,_,_,_,_,_,_,_,_,_,_,_,2,161
_,_,_,_,_,_,_,_,_,_,_,_,2,162
_,_,_,_,_,_,_,_,_,_,_,_,2,163
_,_,_,_,_,_,_,_,_,_,_,_,2,164
_,_,_,_,_,_,_,_,_,_,_,_,2,165
_,_,_,_,_,_,_,_,_,_,_,_,2,166
_,_,_,_,_,_,_,_,_,_,_,_,2,167
_,_,_,_,_,_,_,_,_,_,_,_,2,168
_,_,_,_,_,_,_,_,_,_,_,_,2,169
_,_,_,_,_,_,_,_,_,_,_,_,2,170
_,_,_,_,_,_,_,_,_,_,_,_,2,171
_,_,_,_,_,_,_,_,_,_,_,_,2,172
_,_,_,_,_,_,_,_,_,_,_,_,2,173
_,_,_,_,_,_,_,_,_,_,_,_,2,174
_,_,_,_,_,_,_,_,_,_,_,_,2,175
_,_,_,_,_,_,_,_,_,_,_,_,2,176
_,_,_,_,_,_,_,_,_,_,_,_,2,177
_,_,_,_,_,_,_,_,_,_,_,_,2,178
_,_,_,_,_,_,_,_,_,_,_,_,2,179
_,_,_,_,_,_,_,_,_,_,_,_,2,180
_,_,_,_,_,_,_,_,_,_,_,_,2,181
_,_,_,_,_,_,_,_,_,_,_,_,2,182
_,_,_,_,_,_,_,_,_,_,_,_,2,183
_,_,_,_,_,_,_,_,_,_,_,_,2,184
_,_,_,_,_,_,_,_,_,_,_,_,2,185
_,_,_,_,_,_,_,_,_,_,_,_,2,186
_,_,_,_,_,_,_,_,_,_,_,_,2,187
_,_,_,_,_,_,_,_,_,_,_,_,2,188
_,_,_,_,_,_,_,_,_,_,_,_,2,189
_,_,_,_,_,_,_,_,_,_,_,_,2,190
_,_,_,_,_,_,_,_,_,_,_,_,2,191
_,_,_,_,_,_,_,_,_,_,_,_,2,192
_,_,_,_,_,_,_,_,_,_,_,_,2,193
_,_,_,_,_,_,_,_,_,_,_,_,2,194
_,_,_,_,_,_,_,_,_,_,_,_,2,195
_,_,_,_,_,_,_,_,_,_,_,_,2,196
_,_,_,_,_,_,_,_,_,_,_,_,2,197
_,_,_,_,_,_,_,_,_,_,_,_,2,198
_,_,_,_,_,_,_,_,_,_,_,_,2,199
_,_,_,_,_,_,_,_,_,_,_,_,3,0
_,_,_,_,_,_,_,_,_,_,_,_,3,1
_,_,_,_,_,_,_,_,_,_,_,_,3,2
_,_,_,_,_,_,_,_,_,_,_,_,3,3
_,_,_,_,_,_,_,_,_,_,_,_,3,4
_,_,_,_,_,_,_,_,_,_,_,_,3,5
_,_,_,_,_,_,_,_,_,_,_,_,3,6
_,_,_,_,_,_,_,_,_,_,_,_,3,7
_,_,_,_,_,_,_,_,_,_,_,_,3,8
_,_,_,_,_,_,_,_,_,_,_,_,3,9
_,_,_,_,_,_,_,_,_,_,_,_,3,10
_,_,_,_,_,_,_,_,_,_,_,_,3,11
_,_,_,_,_,_,_,_,_,_,_,_,3,12
_,_,_,_,_,_,_,_,_,_,_,_,3,13
_,_,_,_,_,_,_,_,_,_,_,_,3,14
_,_,_,_,_,_,_,_,_,_,_,_,3,15
_,_,_,_,_,_,_,_,_,_,_,_,3,16
_,_,_,_,_,_,_,_,_,_,_,_,3,17
_,_,_,_,_,_,_,_,_,_,_,_,3,18
_,_,_,_,_,_,_,_,_,_,_,_,3,19
_,_,_,_,_,_,_,_,_,_,_,_,3,20
_,_,_,_,_,_,_,_,_,_,_,_,3,21
_,_,_,_,_,_,_,_,_,_,_,_,3,22
_,_,_,_,_,_,_,_,_,_,_,_,3,23
_,_,_,_,_,_,_,_,_,_,_,_,3,24
_,_,_,_,_,_,_,_,_,_,_,_,3,25
_,_,_,_,_,_,_,_,_,_,_,_,3,26
_,_,_,_,_,_,_,_,_,_,_,_,3,27
_,_,_,_,_,_,_,_,_,_,_,_,3,28
_,_,_,_,_,_,_,_,_,_,_,_,3,29
_,_,_,_,_,_,_,_,_,_,_,_,3,30
_,_,_,_,_,_,_,_,_,_,_,_,3,31
_,_,_,_,_,_,_,_,_,_,_,_,3,32
_,_,_,_,_,_,_,_,_,_,_,_,3,33
_,_,_,_,_,_,_,_,_,_,_,_,3,34
_,_,_,_,_,_,_,_,_,_,_,_,3,35
_,_,_,_,_,_,_,_,_,_,_,_,3,36
_,_,_,_,_,_,_,_,_,_,_,_,3,37
_,_,_,_,_,_,_,_,_,_,_,_,3,38
_,_,_,_,_,_,_,_,_,_,_,_,3,39
_,_,_,_,_,_,_,_,_,_,_,_,3,40
_,_,_,_,_,_,_,_,_,_,_,_,3,41
_,_,_,_,_,_,_,_,_,_,_,_,3,42
_,_,_,_,_,_,_,_,_,_,_,_,3,43
_,_,_,_,_,_,_,_,_,_,_,_,3,44
_,_,_,_,_,_,_,_,_,_,_,_,3,45
_,_,_,_,_,_,_,_,_,_,_,_,3,46
_,_,_,_,_,_,_,_,_,_,_,_,3,47
_,_,_,_,_,_,_,_,_,_,_,_,3,48
_,_,_,_,_,_,_,_,_,_,_,_,3,49
_,_,_,_,_,_,_,_,_,_,_,_,3,50
_,_,_,_,_,_,_,_,_,_,_,_,3,51
_,_,_,_,_,_,_,_,_,_,_,_,3,52
_,_,_,_,_,_,_,_,_,_,_,_,3,53
_,_,_,_,_,_,_,_,_,_,_,_,3,54
_,_,_,_,_,_,_,_,_,_,_,_,3,55
_,_,_,_,_,_,_,_,_,_,_,_,3,56
_,_,_,_,_,_,_,_,_,_,_,_,3,57
_,_,_,_,_,_,_,_,_,_,_,_,3,58
_,_,_,_,_,_,_,_,_,_,_,_,3,59
_,_,_,_,_,_,_,_,_,_,_,_,3,60
_,_,_,_,_,_,_,_,_,_,_,_,3,61
_,_,_,_,_,_,_,_,_,_,_,_,3,62
_,_,_,_,_,_,_,_,_,_,_,_,3,63
_,_,_,_,_,_,_,_,_,_,_,_,3,64
_,_,_,_,_,_,_,_,_,_,_,_,3,65
_,_,_,_,_,_,_,_,_,_,_,_,3,66
_,_,_,_,_,_,_,_,_,_,_,_,3,67
_,_,_,_,_,_,_,_,_,_,_,_,3,68
_,_,_,_,_,_,_,_,_,_,_,_,3,69
_,_,_,_,_,_,_,_,_,_,_,_,3,70
_,_,_,_,_,_,_,_,_,_,_,_,3,71
_,_,_,_,_,_,_,_,_,_,_,_,3,72
_,_,_,_,_,_,_,_,_,_,_,_,3,73
_,_,_,_,_,_,_,_,_,_,_,_,3,74
_,_,_,_,_,_,_,_,_,_,_,_,3,75
_,_,_,_,_,_,_,_,_,_,_,_,3,76
_,_,_,_,_,_,_,_,_,_,_,_,3,77
_,_,_,_,_,_,_,_,_,_,_,_,3,78
_,_,_,_,_,_,_,_,_,_,_,_,3,79
_,_,_,_,_,_,_,_,_,_,_,_,3,80
_,_,_,_,_,_,_,_,_,_,_,_,3,81
_,_,_,_,_,_,_,_,_,_,_,_,3,82
_,_,_,_,_,_,_,_,_,_,_,_,3,83
_,_,_,_,_,_,_,_,_,_,_,_,3,84
_,_,_,_,_,_,_,_,_,_,_,_,3,85
_,_,_,_,_,_,_,_,_,_,_,_,3,86
_,_,_,_,_,_,_,_,_,_,_,_,3,87
_,_,_,_,_,_,_,_,_,_,_,_,3,88
_,_,_,_,_,_,_,_,_,_,_,_,3,89
_,_,_,_,_,_,_,_,_,_,_,_,3,90
_,_,_,_,_,_,_,_,_,_,_,_,3,91
_,_,_,_,_,_,_,_,_,_,_,_,3,92
_,_,_,_,_,_,_,_,_,_,_,_,3,93
_,_,_,_,_,_,_,_,_,_,_,_,3,94
_,_,_,_,_,_,_,_,_,_,_,_,3,95
_,_,_,_,_,_,_,_,_,_,_,_,3,96
_,_,_,_,_,_,_,_,_,_,_,_,3,97
_,_,_,_,_,_,_,_,_,_,_,_,3,98
_,_,_,_,_,_,_,_,_,_,_,_,3,99
_,_,_,_,_,_,_,_,_,_,_,_,3,100
_,_,_,_,_,_,_,_,_,_,_,_,3,101
_,_,_,_,_,_,_,_,_,_,_,_,3,102
_,_,_,_,_,_,_,_,_,_,_,_,3,103
_,_,_,_,_,_,_,_,_,_,_,_,3,104
_,_,_,_,_,_,_,_,_,_,_,_,3,105
_,_,_,_,_,_,_,_,_,_,_,_,3,106
_,_,_,_,_,_,_,_,_,_,_,_,3,107
_,_,_,_,_,_,_,_,_,_,_,_,3,108
_,_,_,_,_,_,_,_,_,_,_,_,3,109
_,_,_,_,_,_,_,_,_,_,_,_,3,110
_,_,_,_,_,_,_,_,_,_,_,_,3,111
_,_,_,_,_,_,_,_,_,_,_,_,3,112
_,_,_,_,_,_,_,_,_,_,_,_,3,113
_,_,_,_,_,_,_,_,_,_,_,_,3,114
_,_,_,_,_,_,_,_,_,_,_,_,3,115
_,_,_,_,_,_,_,_,_,_,_,_,3,116
_,_,_,_,_,_,_,_,_,_,_,_,3,117
_,_,_,_,_,_,_,_,_,_,_,_,3,118
_,_,_,_,_,_,_,_,_,_,_,_,3,119
_,_,_,_,_,_,_,_,_,_,_,_,3,120
_,_,_,_,_,_,_,_,_,_,_,_,3,121
_,_,_,_,_,_,_,_,_,_,_,_,3,122
_,_,_,_,_,_,_,_,_,_,_,_,3,123
_,_,_,_,_,_,_,_,_,_,_,_,3,124
_,_,_,_,_,_,_,_,_,_,_,_,3,125
_,_,_,_,_,_,_,_,_,_,_,_,3,126
_,_,_,_,_,_,_,_,_,_,_,_,3,127
_,_,_,_,_,_,_,_,_,_,_,_,3,128
_,_,_,_,_,_,_,_,_,_,_,_,3,129
_,_,_,_,_,_,_,_,_,_,_,_,3,130
_,_,_,_,_,_,_,_,_,_,_,_,3,131
_,_,_,_,_,_,_,_,_,_,_,_,3,132
_,_,_,_,_,_,_,_,_,_,_,_,3,133
_,_,_,_,_,_,_,_,_,_,_,_,3,134
_,_,_,_,_,_,_,_,_,_,_,_,3,135
_,_,_,_,_,_,_,_,_,_,_,_,3,136
_,_,_,_,_,_,_,_,_,_,_,_,3,137
_,_,_,_,_,_,_,_,_,_,_,_,3,138
_,_,_,_,_,_,_,_,_,_,_,_,3,139
_,_,_,_,_,_,_,_,_,_,_,_,3,140
_,_,_,_,_,_,_,_,_,_,_,_,3,141
_,_,_,_,_,_,_,_,_,_,_,_,3,142
_,_,_,_,_,_,_,_,_,_,_,_,3,143
_,_,_,_,_,_,_,_,_,_,_,_,3,144
_,_,_,_,_,_,_,_,_,_,_,_,3,145
_,_,_,_,_,_,_,_,_,_,_,_,3,146
_,_,_,_,_,_,_,_,_,_,_,_,3,147
_,_,_,_,_,_,_,_,_,_,_,_,3,148
_,_,_,_,_,_,_,_,_,_,_,_,3,149
_,_,_,_,_,_,_,_,_,_,_,_,3,150
_,_,_,_,_,_,_,_,_,_,_,_,3,151
_,_,_,_,_,_,_,_,_,_,_,_,3,152
_,_,_,_,_,_,_,_,_,_,_,_,3,153
_,_,_,_,_,_,_,_,_,_,_,_,3,154
_,_,_,_,_,_,_,_,_,_,_,_,3,155
_,_,_,_,_,_,_,_,_,_,_,_,3,156
_,_,_,_,_,_,_,_,_,_,_,_,3,157
_,_,_,_,_,_,_,_,_,_,_,_,3,158
_,_,_,_,_,_,_,_,_,_,_,_,3,159
_,_,_,_,_,_,_,_,_,_,_,_,3,160
_,_,_,_,_,_,_,_,_,_,_,_,3,161
_,_,_,_,_,_,_,_,_,_,_,_,3,162
_,_,_,_,_,_,_,_,_,_,_,_,3,163
_,_,_,_,_,_,_,_,_,_,_,_,3,164
_,_,_,_,_,_,_,_,_,_,_,_,3,165
_,_,_,_,_,_,_,_,_,_,_,_,3,166
_,_,_,_,_,_,_,_,_,_,_,_,3,167
_,_,_,_,_,_,_,_,_,_,_,_,3,168
_,_,_,_,_,_,_,_,_,_,_,_,3,169
_,_,_,_,_,_,_,_,_,_,_,_,3,170
_,_,_,_,_,_,_,_,_,_,_,_,3,171
_,_,_,_,_,_,_,_,_,_,_,_,3,172
_,_,_,_,_,_,_,_,_,_,_,_,3,173
_,_,_,_,_,_,_,_,_,_,_,_,3,174
_,_,_,_,_,_,_,_,_,_,_,_,3,175
_,_,_,_,_,_,_,_,_,_,_,_,3,176
_,_,_,_,_,_,_,_,_,_,_,_,3,177
_,_,_,_,_,_,_,_,_,_,_,_,3,178
_,_,_,_,_,_,_,_,_,_,_,_,3,179
_,_,_,_,_,_,_,_,_,_,_,_,3,180
_,_,_,_,_,_,_,_,_,_,_,_,3,181
_,_,_,_,_,_,_,_,_,_,_,_,3,182
_,_,_,_,_,_,_,_,_,_,_,_,3,183
_,_,_,_,_,_,_,_,_,_,_,_,3,184
_,_,_,_,_,_,_,_,_,_,_,_,3,185
_,_,_,_,_,_,_,_,_,_,_,_,3,186
_,_,_,_,_,_,_,_,_,_,_,_,3,187
_,_,_,_,_,_,_,_,_,_,_,_,3,188
_,_,_,_,_,_,_,_,_,_,_,_,3,189
_,_,_,_,_,_,_,_,_,_,_,_,3,190
_,_,_,_,_,_,_,_,_,_,_,_,3,191
_,_,_,_,_,_,_,_,_,_,_,_,3,192
_,_,_,_,_,_,_,_,_,_,_,_,3,193
_,_,_,_,_,_,_,_,_,_,_,_,3,194
_,_,_,_,_,_,_,_,_,_,_,_,3,195
_,_,_,_,_,_,_,_,_,_,_,_,3,196
_,_,_,_,_,_,_,_,_,_,_,_,3,197
_,_,_,_,_,_,_,_,_,_,_,_,3,198
_,_,_,_,_,_,_,_,_,_,_,_,3,199
_,_,_,_,_,_,_,_,_,_,_,_,4,0
_,_,_,_,_,_,_,_,_,_,_,_,4,1
_,_,_,_,_,_,_,_,_,_,_,_,4,2
_,_,_,_,_,_,_,_,_,_,_,_,4,3
_,_,_,_,_,_,_,_,_,_,_,_,4,4
_,_,_,_,_,_,_,_,_,_,_,_,4,5
_,_,_,_,_,_,_,_,_,_,_,_,4,6
_,_,_,_,_,_,_,_,_,_,_,_,4,7
_,_,_,_,_,_,_,_,_,_,_,_,4,8
_,_,_,_,_,_,_,_,_,_,_,_,4,9
_,_,_,_,_,_,_,_,_,_,_,_,4,10
_,_,_,_,_,_,_,_,_,_,_,_,4,11
_,_,_,_,_,_,_,_,_,_,_,_,4,12
_,_,_,_,_,_,_,_,_,_,_,_,4,13
_,_,_,_,_,_,_,_,_,_,_,_,4,14
_,_,_,_,_,_,_,_,_,_,_,_,4,15
_,_,_,_,_,_,_,_,_,_,_,_,4,16
_,_,_,_,_,_,_,_,_,_,_,_,4,17
_,_,_,_,_,_,_,_,_,_,_,_,4,18
_,_,_,_,_,_,_,_,_,_,_,_,4,19
_,_,_,_,_,_,_,_,_,_,_,_,4,20
_,_,_,_,_,_,_,_,_,_,_,_,4,21
_,_,_,_,_,_,_,_,_,_,_,_,4,22
_,_,_,_,_,_,_,_,_,_,_,_,4,23
_,_,_,_,_,_,_,_,_,_,_,_,4,24
_,_,_,_,_,_,_,_,_,_,_,_,4,25
_,_,_,_,_,_,_,_,_,_,_,_,4,26
_,_,_,_,_,_,_,_,_,_,_,_,4,27
_,_,_,_,_,_,_,_,_,_,_,_,4,28
_,_,_,_,_,_,_,_,_,_,_,_,4,29
_,_,_,_,_,_,_,_,_,_,_,_,4,30
_,_,_,_,_,_,_,_,_,_,_,_,4,31
_,_,_,_,_,_,_,_,_,_,_,_,4,32
_,_,_,_,_,_,_,_,_,_,_,_,4,33
_,_,_,_,_,_,_,_,_,_,_,_,4,34
_,_,_,_,_,_,_,_,_,_,_,_,4,35
_,_,_,_,_,_,_,_,_,_,_,_,4,36
_,_,_,_,_,_,_,_,_,_,_,_,4,37
_,_,_,_,_,_,_,_,_,_,_,_,4,38
_,_,_,_,_,_,_,_,_,_,_,_,4,39
_,_,_,_,_,_,_,_,_,_,_,_,4,40
_,_,_,_,_,_,_,_,_,_,_,_,4,41
_,_,_,_,_,_,_,_,_,_,_,_,4,42
_,_,_,_,_,_,_,_,_,_,_,_,4,43
_,_,_,_,_,_,_,_,_,_,_,_,4,44
_,_,_,_,_,_,_,_,_,_,_,_,4,45
_,_,_,_,_,_,_,_,_,_,_,_,4,46
_,_,_,_,_,_,_,_,_,_,_,_,4,47
_,_,_,_,_,_,_,_,_,_,_,_,4,48
_,_,_,_,_,_,_,_,_,_,_,_,4,49
_,_,_,_,_,_,_,_,_,_,_,_,4,50
_,_,_,_,_,_,_,_,_,_,_,_,4,51
_,_,_,_,_,_,_,_,_,_,_,_,4,52
_,_,_,_,_,_,_,_,_,_,_,_,4,53
_,_,_,_,_,_,_,_,_,_,_,_,4,54
_,_,_,_,_,_,_,_,_,_,_,_,4,55
_,_,_,_,_,_,_,_,_,_,_,_,4,56
_,_,_,_,_,_,_,_,_,_,_,_,4,57
_,_,_,_,_,_,_,_,_,_,_,_,4,58
_,_,_,_,_,_,_,_,_,_,_,_,4,59
_,_,_,_,_,_,_,_,_,_,_,_,4,60
_,_,_,_,_,_,_,_,_,_,_,_,4,61
_,_,_,_,_,_,_,_,_,_,_,_,4,62
_,_,_,_,_,_,_,_,_,_,_,_,4,63
_,_,_,_,_,_,_,_,_,_,_,_,4,64
_,_,_,_,_,_,_,_,_,_,_,_,4,65
_,_,_,_,_,_,_,_,_,_,_,_,4,66
_,_,_,_,_,_,_,_,_,_,_,_,4,67
_,_,_,_,_,_,_,_,_,_,_,_,4,68
_,_,_,_,_,_,_,_,_,_,_,_,4,69
_,_,_,_,_,_,_,_,_,_,_,_,4,70
_,_,_,_,_,_,_,_,_,_,_,_,4,71
_,_,_,_,_,_,_,_,_,_,_,_,4,72
_,_,_,_,_,_,_,_,_,_,_,_,4,73
_,_,_,_,_,_,_,_,_,_,_,_,4,74
_,_,_,_,_,_,_,_,_,_,_,_,4,75
_,_,_,_,_,_,_,_,_,_,_,_,4,76
_,_,_,_,_,_,_,_,_,_,_,_,4,77
_,_,_,_,_,_,_,_,_,_,_,_,4,78
_,_,_,_,_,_,_,_,_,_,_,_,4,79
_,_,_,_,_,_,_,_,_,_,_,_,4,80
_,_,_,_,_,_,_,_,_,_,_,_,4,81
_,_,_,_,_,_,_,_,_,_,_,_,4,82
_,_,_,_,_,_,_,_,_,_,_,_,4,83
_,_,_,_,_,_,_,_,_,_,_,_,4,84
_,_,_,_,_,_,_,_,_,_,_,_,4,85
_,_,_,_,_,_,_,_,_,_,_,_,4,86
_,_,_,_,_,_,_,_,_,_,_,_,4,87
_,_,_,_,_,_,_,_,_,_,_,_,4,88
_,_,_,_,_,_,_,_,_,_,_,_,4,89
_,_,_,_,_,_,_,_,_,_,_,_,4,90
_,_,_,_,_,_,_,_,_,_,_,_,4,91
_,_,_,_,_,_,_,_,_,_,_,_,4,92
_,_,_,_,_,_,_,_,_,_,_,_,4,93
_,_,_,_,_,_,_,_,_,_,_,_,4,94
_,_,_,_,_,_,_,_,_,_,_,_,4,95
_,_,_,_,_,_,_,_,_,_,_,_,4,96
_,_,_,_,_,_,_,_,_,_,_,_,4,97
_,_,_,_,_,_,_,_,_,_,_,_,4,98
_,_,_,_,_,_,_,_,_,_,_,_,4,99
_,_,_,_,_,_,_,_,_,_,_,_,4,100
_,_,_,_,_,_,_,_,_,_,_,_,4,101
_,_,_,_,_,_,_,_,_,_,_,_,4,102
_,_,_,_,_,_,_,_,_,_,_,_,4,103
_,_,_,_,_,_,_,_,_,_,_,_,4,104
_,_,_,_,_,_,_,_,_,_,_,_,4,105
_,_,_,_,_,_,_,_,_,_,_,_,4,106
_,_,_,_,_,_,_,_,_,_,_,_,4,107
_,_,_,_,_,_,_,_,_,_,_,_,4,108
_,_,_,_,_,_,_,_,_,_,_,_,4,109
_,_,_,_,_,_,_,_,_,_,_,_,4,110
_,_,_,_,_,_,_,_,_,_,_,_,4,111
_,_,_,_,_,_,_,_,_,_,_,_,4,112
_,_,_,_,_,_,_,_,_,_,_,_,4,113
_,_,_,_,_,_,_,_,_,_,_,_,4,114
_,_,_,_,_,_,_,_,_,_,_,_,4,115
_,_,_,_,_,_,_,_,_,_,_,_,4,116
_,_,_,_,_,_,_,_,_,_,_,_,4,117
_,_,_,_,_,_,_,_,_,_,_,_,4,118
_,_,_,_,_,_,_,_,_,_,_,_,4,119
_,_,_,_,_,_,_,_,_,_,_,_,4,120
_,_,_,_,_,_,_,_,_,_,_,_,4,121
_,_,_,_,_,_,_,_,_,_,_,_,4,122
_,_,_,_,_,_,_,_,_,_,_,_,4,123
_,_,_,_,_,_,_,_,_,_,_,_,4,124
_,_,_,_,_,_,_,_,_,_,_,_,4,125
_,_,_,_,_,_,_,_,_,_,_,_,4,126
_,_,_,_,_,_,_,_,_,_,_,_,4,127
_,_,_,_,_,_,_,_,_,_,_,_,4,128
_,_,_,_,_,_,_,_,_,_,_,_,4,129
_,_,_,_,_,_,_,_,_,_,_,_,4,130
_,_,_,_,_,_,_,_,_,_,_,_,4,131
_,_,_,_,_,_,_,_,_,_,_,_,4,132
_,_,_,_,_,_,_,_,_,_,_,_,4,133
_,_,_,_,_,_,_,_,_,_,_,_,4,134
_,_,_,_,_,_,_,_,_,_,_,_,4,135
_,_,_,_,_,_,_,_,_,_,_,_,4,136
_,_,_,_,_,_,_,_,_,_,_,_,4,137
_,_,_,_,_,_,_,_,_,_,_,_,4,138
_,_,_,_,_,_,_,_,_,_,_,_,4,139
_,_,_,_,_,_,_,_,_,_,_,_,4,140
_,_,_,_,_,_,_,_,_,_,_,_,4,141
_,_,_,_,_,_,_,_,_,_,_,_,4,142
_,_,_,_,_,_,_,_,_,_,_,_,4,143
_,_,_,_,_,_,_,_,_,_,_,_,4,144
_,_,_,_,_,_,_,_,_,_,_,_,4,145
_,_,_,_,_,_,_,_,_,_,_,_,4,146
_,_,_,_,_,_,_,_,_,_,_,_,4,147
_,_,_,_,_,_,_,_,_,_,_,_,4,148
_,_,_,_,_,_,_,_,_,_,_,_,4,149
_,_,_,_,_,_,_,_,_,_,_,_,4,150
_,_,_,_,_,_,_,_,_,_,_,_,4,151
_,_,_,_,_,_,_,_,_,_,_,_,4,152
_,_,_,_,_,_,_,_,_,_,_,_,4,153
_,_,_,_,_,_,_,_,_,_,_,_,4,154
_,_,_,_,_,_,_,_,_,_,_,_,4,155
_,_,_,_,_,_,_,_,_,_,_,_,4,156
_,_,_,_,_,_,_,_,_,_,_,_,4,157
_,_,_,_,_,_,_,_,_,_,_,_,4,158
_,_,_,_,_,_,_,_,_,_,_,_,4,159
_,_,_,_,_,_,_,_,_,_,_,_,4,160
_,_,_,_,_,_,_,_,_,_,_,_,4,161
_,_,_,_,_,_,_,_,_,_,_,_,4,162
_,_,_,_,_,_,_,_,_,_,_,_,4,163
_,_,_,_,_,_,_,_,_,_,_,_,4,164
_,_,_,_,_,_,_,_,_,_,_,_,4,165
_,_,_,_,_,_,_,_,_,_,_,_,4,166
_,_,_,_,_,_,_,_,_,_,_,_,4,167
_,_,_,_,_,_,_,_,_,_,_,_,4,168
_,_,_,_,_,_,_,_,_,_,_,_,4,169
_,_,_,_,_,_,_,_,_,_,_,_,4,170
_,_,_,_,_,_,_,_,_,_,_,_,4,171
_,_,_,_,_,_,_,_,_,_,_,_,4,172
_,_,_,_,_,_,_,_,_,_,_,_,4,173
_,_,_,_,_,_,_,_,_,_,_,_,4,174
_,_,_,_,_,_,_,_,_,_,_,_,4,175
_,_,_,_,_,_,_,_,_,_,_,_,4,176
_,_,_,_,_,_,_,_,_,_,_,_,4,177
_,_,_,_,_,_,_,_,_,_,_,_,4,178
_,_,_,_,_,_,_,_,_,_,_,_,4,179
_,_,_,_,_,_,_,_,_,_,_,_,4,180
_,_,_,_,_,_,_,_,_,_,_,_,4,181
_,_,_,_,_,_,_,_,_,_,_,_,4,182
_,_,_,_,_,_,_,_,_,_,_,_,4,183
_,_,_,_,_,_,_,_,_,_,_,_,4,184
_,_,_,_,_,_,_,_,_,_,_,_,4,185
_,_,_,_,_,_,_,_,_,_,_,_,4,186
_,_,_,_,_,_,_,_,_,_,_,_,4,187
_,_,_,_,_,_,_,_,_,_,_,_,4,188
_,_,_,_,_,_,_,_,_,_,_,_,4,189
_,_,_,_,_,_,_,_,_,_,_,_,4,190
_,_,_,_,_,_,_,_,_,_,_,_,4,191
_,_,_,_,_,_,_,_,_,_,_,_,4,192
_,_,_,_,_,_,_,_,_,_,_,_,4,193
_,_,_,_,_,_,_,_,_,_,_,_,4,194
_,_,_,_,_,_,_,_,_,_,_,_,4,195
_,_,_,_,_,_,_,_,_,_,_,_,4,196
_,_,_,_,_,_,_,_,_,_,_,_,4,197
_,_,_,_,_,_,_,_,_,_,_,_,4,198
_,_,_,_,_,_,_,_,_,_,_,_,4,199
